id,first_name,last_name,gender,age,phone,email,city
1,Laila,Fathy,Male,52,TEST-0001,laila.fathy1@example.com,Cairo
2,Ahmed,Mahmoud,Female,27,TEST-0002,ahmed.mahmoud2@example.com,Zagazig
3,Amr,Samir,Female,38,TEST-0003,amr.samir3@example.com,Tanta
4,Aya,Hassan,Female,22,TEST-0004,aya.hassan4@example.com,Assiut
5,Mostafa,Samir,Female,57,TEST-0005,mostafa.samir5@example.com,Zagazig
6,Mostafa,Saleh,Female,47,TEST-0006,mostafa.saleh6@example.com,Assiut
7,Omar,Yassin,Male,35,TEST-0007,omar.yassin7@example.com,Giza
8,Ali,Mostafa,Female,43,TEST-0008,ali.mostafa8@example.com,Mansoura
9,Omar,Saad,Male,34,TEST-0009,omar.saad9@example.com,Mansoura
10,Nour,Ali,Female,22,TEST-0010,nour.ali10@example.com,Assiut
11,Aya,Saad,Male,50,TEST-0011,aya.saad11@example.com,Mansoura
12,Mariam,Tarek,Male,38,TEST-0012,mariam.tarek12@example.com,Mansoura
13,Sara,Hamdy,Female,21,TEST-0013,sara.hamdy13@example.com,Zagazig
14,Mohamed,Hamdy,Male,25,TEST-0014,mohamed.hamdy14@example.com,Ismailia
15,Hana,Mostafa,Female,56,TEST-0015,hana.mostafa15@example.com,Ismailia
16,Amr,Kamel,Male,70,TEST-0016,amr.kamel16@example.com,Assiut
17,Karim,Adel,Female,52,TEST-0017,karim.adel17@example.com,Assiut
18,Mohamed,Ibrahim,Female,23,TEST-0018,mohamed.ibrahim18@example.com,Giza
19,Hana,Hamdy,Male,60,TEST-0019,hana.hamdy19@example.com,Alexandria
20,Salma,Samir,Female,23,TEST-0020,salma.samir20@example.com,Assiut
21,Mahmoud,Saad,Male,48,TEST-0021,mahmoud.saad21@example.com,Giza
22,Aya,Yassin,Female,68,TEST-0022,aya.yassin22@example.com,Cairo
23,Hassan,Kamel,Male,39,TEST-0023,hassan.kamel23@example.com,Tanta
24,Omar,Adel,Female,54,TEST-0024,omar.adel24@example.com,Giza
25,Khaled,Kamel,Female,20,TEST-0025,khaled.kamel25@example.com,Cairo
26,Mostafa,Nabil,Male,53,TEST-0026,mostafa.nabil26@example.com,Giza
27,Mohamed,Gaber,Female,65,TEST-0027,mohamed.gaber27@example.com,Zagazig
28,Hana,Ali,Male,63,TEST-0028,hana.ali28@example.com,Alexandria
29,Salma,Tarek,Female,60,TEST-0029,salma.tarek29@example.com,Mansoura
30,Mahmoud,Hamdy,Male,45,TEST-0030,mahmoud.hamdy30@example.com,Alexandria
31,Khaled,Adel,Male,20,TEST-0031,khaled.adel31@example.com,Ismailia
32,Ali,Kamel,Female,53,TEST-0032,ali.kamel32@example.com,Mansoura
33,Sara,Tarek,Male,52,TEST-0033,sara.tarek33@example.com,Assiut
34,Nour,Ibrahim,Female,66,TEST-0034,nour.ibrahim34@example.com,Mansoura
35,Mohamed,Nabil,Male,46,TEST-0035,mohamed.nabil35@example.com,Zagazig
36,Nour,Fathy,Male,21,TEST-0036,nour.fathy36@example.com,Mansoura
37,Mahmoud,Hamdy,Male,57,TEST-0037,mahmoud.hamdy37@example.com,Zagazig
38,Laila,Kamel,Male,58,TEST-0038,laila.kamel38@example.com,Cairo
39,Hassan,Saleh,Male,29,TEST-0039,hassan.saleh39@example.com,Assiut
40,Farah,Hamdy,Female,35,TEST-0040,farah.hamdy40@example.com,Ismailia
41,Nour,Adel,Male,42,TEST-0041,nour.adel41@example.com,Tanta
42,Sara,Tarek,Male,28,TEST-0042,sara.tarek42@example.com,Cairo
43,Aya,Saad,Male,24,TEST-0043,aya.saad43@example.com,Assiut
44,Ahmed,Nabil,Male,28,TEST-0044,ahmed.nabil44@example.com,Assiut
45,Khaled,Saleh,Female,25,TEST-0045,khaled.saleh45@example.com,Giza
46,Mahmoud,Ali,Female,33,TEST-0046,mahmoud.ali46@example.com,Assiut
47,Ali,Yassin,Female,61,TEST-0047,ali.yassin47@example.com,Tanta
48,Salma,Yassin,Male,53,TEST-0048,salma.yassin48@example.com,Assiut
49,Hana,Saleh,Male,51,TEST-0049,hana.saleh49@example.com,Cairo
50,Mariam,Hassan,Female,41,TEST-0050,mariam.hassan50@example.com,Alexandria
51,Nada,Hamdy,Male,37,TEST-0051,nada.hamdy51@example.com,Giza
52,Mariam,Mahmoud,Female,66,TEST-0052,mariam.mahmoud52@example.com,Ismailia
53,Mohamed,Ibrahim,Male,54,TEST-0053,mohamed.ibrahim53@example.com,Tanta
54,Mahmoud,Yassin,Female,47,TEST-0054,mahmoud.yassin54@example.com,Alexandria
55,Mahmoud,Hassan,Male,34,TEST-0055,mahmoud.hassan55@example.com,Zagazig
56,Laila,Hamdy,Female,67,TEST-0056,laila.hamdy56@example.com,Giza
57,Mahmoud,Gaber,Female,27,TEST-0057,mahmoud.gaber57@example.com,Giza
58,Mohamed,Hassan,Female,62,TEST-0058,mohamed.hassan58@example.com,Giza
59,Khaled,Adel,Male,31,TEST-0059,khaled.adel59@example.com,Zagazig
60,Omar,Ibrahim,Male,20,TEST-0060,omar.ibrahim60@example.com,Giza
61,Mostafa,Tarek,Male,55,TEST-0061,mostafa.tarek61@example.com,Tanta
62,Hassan,Yassin,Female,68,TEST-0062,hassan.yassin62@example.com,Assiut
63,Aya,Hassan,Male,23,TEST-0063,aya.hassan63@example.com,Tanta
64,Hana,Fathy,Male,68,TEST-0064,hana.fathy64@example.com,Giza
65,Mariam,Fathy,Male,64,TEST-0065,mariam.fathy65@example.com,Assiut
66,Mariam,Mostafa,Female,58,TEST-0066,mariam.mostafa66@example.com,Ismailia
67,Mahmoud,Gaber,Female,65,TEST-0067,mahmoud.gaber67@example.com,Cairo
68,Nour,Ali,Male,38,TEST-0068,nour.ali68@example.com,Cairo
69,Mohamed,Mahmoud,Male,68,TEST-0069,mohamed.mahmoud69@example.com,Assiut
70,Farah,Mostafa,Female,59,TEST-0070,farah.mostafa70@example.com,Zagazig
71,Amr,Tarek,Male,39,TEST-0071,amr.tarek71@example.com,Mansoura
72,Khaled,Yassin,Male,41,TEST-0072,khaled.yassin72@example.com,Ismailia
73,Hassan,Fathy,Male,54,TEST-0073,hassan.fathy73@example.com,Alexandria
74,Hassan,Saleh,Male,33,TEST-0074,hassan.saleh74@example.com,Ismailia
75,Ahmed,Fathy,Male,32,TEST-0075,ahmed.fathy75@example.com,Assiut
76,Aya,Hamdy,Male,68,TEST-0076,aya.hamdy76@example.com,Zagazig
77,Amr,Saleh,Male,47,TEST-0077,amr.saleh77@example.com,Cairo
78,Sara,Hassan,Female,39,TEST-0078,sara.hassan78@example.com,Mansoura
79,Hassan,Ali,Female,50,TEST-0079,hassan.ali79@example.com,Cairo
80,Mostafa,Ali,Female,30,TEST-0080,mostafa.ali80@example.com,Assiut
81,Karim,Hassan,Male,56,TEST-0081,karim.hassan81@example.com,Giza
82,Karim,Nabil,Male,54,TEST-0082,karim.nabil82@example.com,Giza
83,Mohamed,Ali,Female,59,TEST-0083,mohamed.ali83@example.com,Ismailia
84,Mohamed,Saleh,Female,51,TEST-0084,mohamed.saleh84@example.com,Assiut
85,Hassan,Hassan,Female,50,TEST-0085,hassan.hassan85@example.com,Zagazig
86,Ahmed,Kamel,Male,45,TEST-0086,ahmed.kamel86@example.com,Ismailia
87,Amr,Ibrahim,Female,52,TEST-0087,amr.ibrahim87@example.com,Alexandria
88,Mostafa,Kamel,Female,31,TEST-0088,mostafa.kamel88@example.com,Tanta
89,Laila,Yassin,Male,24,TEST-0089,laila.yassin89@example.com,Cairo
90,Ahmed,Kamel,Male,39,TEST-0090,ahmed.kamel90@example.com,Alexandria
91,Mohamed,Adel,Female,52,TEST-0091,mohamed.adel91@example.com,Tanta
92,Nada,Kamel,Female,31,TEST-0092,nada.kamel92@example.com,Zagazig
93,Karim,Hamdy,Female,57,TEST-0093,karim.hamdy93@example.com,Zagazig
94,Mohamed,Ali,Female,22,TEST-0094,mohamed.ali94@example.com,Tanta
95,Karim,Ali,Female,26,TEST-0095,karim.ali95@example.com,Tanta
96,Laila,Hassan,Male,18,TEST-0096,laila.hassan96@example.com,Alexandria
97,Nour,Yassin,Female,54,TEST-0097,nour.yassin97@example.com,Assiut
98,Nada,Samir,Female,53,TEST-0098,nada.samir98@example.com,Mansoura
99,Youssef,Tarek,Male,24,TEST-0099,youssef.tarek99@example.com,Giza
100,Nour,Hassan,Male,64,TEST-0100,nour.hassan100@example.com,Cairo
